{"cameraMode":{"drawMode":0,"name":"Shaded","section":"Shading Mode"},"sceneLighting":true,"audioPlay":false,"sceneViewState":{"showFog":true,"showMaterialUpdate":false,"showSkybox":true,"showFlares":true,"showImageEffects":true,"showParticleSystems":true},"in2DMode":false,"pivot":{"x":0.013671875,"y":0.1807861328125,"z":0.31170654296875},"rotation":{"x":0.13072140514850617,"y":-0.44623899459838869,"z":0.06607454270124436,"w":0.8828497529029846},"size":0.33934611082077029,"orthographic":true}